{"cameraMode":{"drawMode":0,"name":"Shaded","section":"Shading Mode"},"sceneLighting":false,"audioPlay":false,"sceneViewState":{"showFog":true,"showMaterialUpdate":false,"showSkybox":true,"showFlares":true,"showImageEffects":true,"showParticleSystems":true},"in2DMode":false,"pivot":{"x":521.14208984375,"y":-143.43751525878907,"z":1370.458740234375},"rotation":{"x":0.05773788318037987,"y":0.2517808675765991,"z":-0.015048902481794358,"w":0.9659432768821716},"size":1180.4451904296875,"orthographic":false}