{"cameraMode":{"drawMode":0,"name":"Shaded","section":"Shading Mode"},"sceneLighting":false,"audioPlay":false,"sceneViewState":{"showFog":true,"showMaterialUpdate":false,"showSkybox":false,"showFlares":true,"showImageEffects":true,"showParticleSystems":true},"in2DMode":false,"pivot":{"x":-3.2452893257141115,"y":-2.787544012069702,"z":-4.84135627746582},"rotation":{"x":-0.07511305063962937,"y":0.8787498474121094,"z":-0.14744269847869874,"w":-0.44767993688583376},"size":6.079259872436523,"orthographic":false}