{"cameraMode":{"drawMode":0,"name":"Shaded","section":"Shading Mode"},"sceneLighting":false,"audioPlay":false,"sceneViewState":{"showFog":true,"showMaterialUpdate":false,"showSkybox":false,"showFlares":true,"showImageEffects":true,"showParticleSystems":true},"in2DMode":false,"pivot":{"x":-3.3578476905822756,"y":2.7842252254486086,"z":-6.197147846221924},"rotation":{"x":0.24771274626255036,"y":-0.6218018531799316,"z":0.21674343943595887,"w":0.710649847984314},"size":7.085397243499756,"orthographic":false}