{"cameraMode":{"drawMode":0,"name":"Shaded","section":"Shading Mode"},"sceneLighting":false,"audioPlay":false,"sceneViewState":{"showFog":true,"showMaterialUpdate":false,"showSkybox":false,"showFlares":true,"showImageEffects":true,"showParticleSystems":true},"in2DMode":false,"pivot":{"x":-0.1782730519771576,"y":0.041805513203144076,"z":0.3125218152999878},"rotation":{"x":0.0030802572146058084,"y":0.9968559741973877,"z":-0.050049085170030597,"w":0.06135044991970062},"size":0.9240676164627075,"orthographic":false}