{"cameraMode":{"drawMode":0,"name":"Shaded","section":"Shading Mode"},"sceneLighting":false,"audioPlay":false,"sceneViewState":{"showFog":true,"showMaterialUpdate":false,"showSkybox":true,"showFlares":true,"showImageEffects":true,"showParticleSystems":true},"in2DMode":false,"pivot":{"x":117.14154815673828,"y":-187.20741271972657,"z":818.6829833984375},"rotation":{"x":0.2195148766040802,"y":0.05702029913663864,"z":-0.01285198237746954,"w":0.9738566279411316},"size":1912.1368408203125,"orthographic":false}